il10pos_nontfh,
X,Y
7.994923857868018,35.45902828136331
20.00846023688663,26.36193699137862
